code,status
330ZN0FQFKHJW,available
3KSJ6T4B8J4ZG,available
EXT6569D73XFX,available
F02Q1TQ2847KM,available
H83V7NGGVYVT1,available
HE3XCFXJTRL7Z,available
JDNTCYTCFFWG6,available
JLPT9TFDS9P2C,available
MBTX2JD6JLWN3,available
MDZZKPDCEFX8J,available
3SMSFMVND10BN,available
BNQW775X64LNG,available
BTP9VZN2X9DEG,available
CQ21DLKNGQE0W,available
DWHBQ1H1ZSBB3,available
FH2WRYV0YQ4XQ,available
GGGEC2JHBF3GH,available
P4E94ZLKZDW8P,available
S8G5LNC53P0EY,available
LC31MV723HGRM,available
02ZP1NLMSXDSP,available
3HXEEPLRQS3HW,available
79GKLJT95RNTH,available
9GTCFMDN9NSQ5,available
Q99CF82P54GRM,available
TKFDVKCZ011S4,available
F58HYHEGHFXXZ,available
0JSW9B5F5ZENG,available
LVNBYX47XWK98,available
NPLK56E1ZY8XW,available
