code,status,link
6JT9-3PL2T-6KKV,new,https://mw2-codes-new.s3.amazonaws.com/20221211_085906.jpg
S878-LCMZ7-JBOX,new,https://mw2-codes-new.s3.amazonaws.com/20221211_085910.jpg
6YY2-1FZ1F-FVRH,new,https://mw2-codes-new.s3.amazonaws.com/20221211_085913.jpg
T1D2-NCECY-32HS,new,https://mw2-codes-new.s3.amazonaws.com/20221211_085915.jpg
L5X1-PNPSG-QXJT,new,https://mw2-codes-new.s3.amazonaws.com/20221211_085918.jpg
NGYY-9MEYL-502N,new,https://mw2-codes-new.s3.amazonaws.com/20221211_085920.jpg

1X41-7G3NJ-Y566,new,https://mw2-codes-new.s3.amazonaws.com/20221211_085924.jpg
MCF6-1P4LY-REF2,new,https://mw2-codes-new.s3.amazonaws.com/20221211_085927.jpg
VYDF-E9HZ0-MPGV,new,https://mw2-codes-new.s3.amazonaws.com/20221211_085930.jpg
BX04-76DKT-060G,new,https://mw2-codes-new.s3.amazonaws.com/20221211_085933.jpg
XTGC-38ZWL-YYFY,new,https://mw2-codes-new.s3.amazonaws.com/20221211_085935.jpg
DD8L-KYOND-DEGL,new,https://mw2-codes-new.s3.amazonaws.com/20221211_085938.jpg
ROZT-B9COQ-DJ8R,new,https://mw2-codes-new.s3.amazonaws.com/20221211_085940.jpg
5109-XZQC2-CS4K,new,https://mw2-codes-new.s3.amazonaws.com/20221211_085943.jpg
CDHR-XCP5W-31XE,new,https://mw2-codes-new.s3.amazonaws.com/20221211_085945.jpg
H9Q6-JCP1Y-CGOW,new,https://mw2-codes-new.s3.amazonaws.com/20221211_085949.jpg
GTDX-X49EN-ZY6N,new,https://mw2-codes-new.s3.amazonaws.com/20221211_085952.jpg
6D6J-DDB5F-2D95,new,https://mw2-codes-new.s3.amazonaws.com/20221211_085958.jpg
CLGJ-6VPEP-YRBG,new,https://mw2-codes-new.s3.amazonaws.com/20221211_090007.jpg
HYHQ-GGHHQ-V9QM,new,https://mw2-codes-new.s3.amazonaws.com/20221211_090009.jpg
D2DL-7XXYN-PBPZ,new,https://mw2-codes-new.s3.amazonaws.com/20221211_090136.jpg
257P-6ZZDO-YRKE,new,https://mw2-codes-new.s3.amazonaws.com/20221211_090138.jpg
MKE8-4N484-DTWE,new,https://mw2-codes-new.s3.amazonaws.com/20221211_090141.jpg
V1T4-2G8N0-G8EW,new,https://mw2-codes-new.s3.amazonaws.com/20221211_090145.jpg

KG49-97ZS9-TJ9Q,new,https://mw2-codes-new.s3.amazonaws.com/20221211_090148.jpg
Y66P-HX4DC-ESGL,new,https://mw2-codes-new.s3.amazonaws.com/20221211_090151.jpg
FQHX-X19QB-4C09,new,https://mw2-codes-new.s3.amazonaws.com/20221211_090154.jpg
M958-RSP7S-1J0J,new,https://mw2-codes-new.s3.amazonaws.com/20221211_090157.jpg
64GK-L6QJ1-ZG7J,new,https://mw2-codes-new.s3.amazonaws.com/20221211_090201.jpg
5V0W-0MP01-9DYW,new,https://mw2-codes-new.s3.amazonaws.com/20221211_090203.jpg
1X35-RCLSX-9822,new,https://mw2-codes-new.s3.amazonaws.com/20221211_090206.jpg
YNVK-J8DPY-F49V,new,https://mw2-codes-new.s3.amazonaws.com/20221211_090208.jpg
3EVK-0TMCZ-48HM,new,https://mw2-codes-new.s3.amazonaws.com/20221211_090210.jpg
FM2D-LC8ZJ-Q3KH,new,https://mw2-codes-new.s3.amazonaws.com/20221211_090213.jpg
V6L2-W6M2S-EMC9,new,https://mw2-codes-new.s3.amazonaws.com/20221211_090215.jpg
CW99-ZY218-46X6,new,https://mw2-codes-new.s3.amazonaws.com/20221211_090217.jpg
W8NV-B0T09-RLMW,new,https://mw2-codes-new.s3.amazonaws.com/20221211_090218.jpg
WV93-8FJZX-CRM5,new,https://mw2-codes-new.s3.amazonaws.com/20221211_090221.jpg
MNFF-4LGEY-N4WJ,new,https://mw2-codes-new.s3.amazonaws.com/20221211_090223.jpg
9KW1-P9KVQ-DB17,new,https://mw2-codes-new.s3.amazonaws.com/20221211_090225.jpg
BK9P-74J10-65G9,new,https://mw2-codes-new.s3.amazonaws.com/20221211_090227.jpg
LL0W-BBZMT-4TF5,new,https://mw2-codes-new.s3.amazonaws.com/20221211_090231.jpg
31CY-1T30V-VLQC,new,https://mw2-codes-new.s3.amazonaws.com/20221211_090233.jpg
HP1R-7557F-5TCM,new,https://mw2-codes-new.s3.amazonaws.com/20221211_090235.jpg
SHJJ-FG9ZN-ZG6D,new,https://mw2-codes-new.s3.amazonaws.com/20221211_090237.jpg
R969-X8DF2-XMPT,new,https://mw2-codes-new.s3.amazonaws.com/20221211_090242.jpg
LX6W-1WG05-GLCL,new,https://mw2-codes-new.s3.amazonaws.com/20221211_090245.jpg
0J37-FJTGW-L2F6,new,https://mw2-codes-new.s3.amazonaws.com/20221211_090248.jpg
2LY2-RQ9L2-07J8,new,https://mw2-codes-new.s3.amazonaws.com/20221211_090251.jpg
QXRD-MFGJL-1JHN,new,https://mw2-codes-new.s3.amazonaws.com/20221211_090255.jpg
74BQ-LWQFE-C5NV,new,https://mw2-codes-new.s3.amazonaws.com/20221211_090257.jpg
HE00-9WSK7-QSRX,new,https://mw2-codes-new.s3.amazonaws.com/20221211_090301.jpg
MT2R-KCCD7-N2P2,new,https://mw2-codes-new.s3.amazonaws.com/20221211_090304.jpg
Z8PE-N8ZES-PQX5,new,https://mw2-codes-new.s3.amazonaws.com/20221211_090309.jpg
TJK5-SZ1J9-BQS7,new,https://mw2-codes-new.s3.amazonaws.com/20221211_090311.jpg
MYV9-W0D3B-0ZN6,new,https://mw2-codes-new.s3.amazonaws.com/20221211_090314.jpg
E9VM-EYGM5-4FRB,new,https://mw2-codes-new.s3.amazonaws.com/20221211_090317.jpg
0RSJ-Z820F-VSGC,new,https://mw2-codes-new.s3.amazonaws.com/20221211_090321.jpg
21SM-XT2SB-BD1S,new,https://mw2-codes-new.s3.amazonaws.com/20221211_090323.jpg
CCTZ-8QBTL-F4S9,new,https://mw2-codes-new.s3.amazonaws.com/20221211_090326.jpg
8M3K-CQ0V0-C0GT,new,https://mw2-codes-new.s3.amazonaws.com/20221211_090331.jpg
CWEY-XC5B7-TGCD,new,https://mw2-codes-new.s3.amazonaws.com/20221211_090334.jpg
2QSF-7LBZ1-4NMG,new,https://mw2-codes-new.s3.amazonaws.com/20221211_090337.jpg
H698-ETYFX-P512,new,https://mw2-codes-new.s3.amazonaws.com/20221211_090341.jpg
D6R8-LS3EF-B70Z,new,https://mw2-codes-new.s3.amazonaws.com/20221211_090345.jpg
5VHM-N9NN4-C39E,new,https://mw2-codes-new.s3.amazonaws.com/20221211_090349.jpg
2B45-VVFGK-5RY0,new,https://mw2-codes-new.s3.amazonaws.com/20221211_090352.jpg
9ZY0-MGE3J-T8S1,new,https://mw2-codes-new.s3.amazonaws.com/20221211_090356.jpg
90N5-7ES87-FH5G,new,https://mw2-codes-new.s3.amazonaws.com/20221211_090359.jpg
1KCW-38SFV-B3LD,new,https://mw2-codes-new.s3.amazonaws.com/20221211_090402.jpg
G9MW-66Z4H-L83S,new,https://mw2-codes-new.s3.amazonaws.com/20221211_090405.jpg
Q7JE-YMR5Q-M00L,new,https://mw2-codes-new.s3.amazonaws.com/20221211_090409.jpg
QLC1-7H18G-GFT7,new,https://mw2-codes-new.s3.amazonaws.com/20221211_090412.jpg